1,1c.ru
2,20minutes.fr
3,3ds.com
4,5movierulz.skin
5,aapanel.com
6,aarp.org
7,ad.nl
8,adac.de
9,adjust.com
10,admin.ch
11,adnkronos.com
12,akismet.com
13,alexa.com
14,allmusic.com
15,allocine.fr
16,allrecipes.com
17,altibbi.com
18,amazon.co.uk
19,amazon.fr
20,amazonaws.com.cn
21,amplify.com
22,animanch.com
23,anu.edu.au
24,aol.com
25,arstechnica.com
26,articulate.com
27,as.com
28,atlassian.net
29,att.net
30,automattic.com
31,autozone.com
32,auvik.com
33,azet.sk
34,bartleby.com
35,belkin.com
36,bentley.com
37,bhg.com
38,bigcartel.com
39,biglobe.ne.jp
40,bild.de
41,binance.com
42,bing.com
43,biobiochile.cl
44,birminghammail.co.uk
45,blog.google
46,bolavip.com
47,boomtrain.com
48,britannica.com
49,browserstack.com
50,bsky.app
51,bt.dk
52,bumble.com
53,byjus.com
54,cadenaser.com
55,cafepress.com
56,caltech.edu
57,carsensor.net
58,cbr.com
59,cdc.gov
60,chase.com
61,chime.aws
62,chip.de
63,cio.com
64,clarin.com
65,cldin.eu
66,clickup.com
67,cmu.edu
68,cnil.fr
69,coinmaster.com
70,collider.com
71,comodoca.com
72,computerworld.com
73,corriere.it
74,cpanel.com
75,cpanel.net
76,credit-agricole.fr
77,cricbuzz.com
78,cronista.com
79,crowdstrike.com
80,csmonitor.com
81,cylance.com
82,dagbladet.no
83,dailymail.co.uk
84,dailyrecord.co.uk
85,dailystar.co.uk
86,databank.com
87,degruyter.com
88,demandbase.com
89,detik.com
90,dev.to
91,dingtalk.com
92,dotmetrics.net
93,dreamhost.com
94,dyn.com
95,dzinet.ru
96,eatingwell.com
97,economist.com
98,elconfidencial.com
99,elcorreo.com
100,elnacional.cat
101,elpais.com
102,eltiempo.com
103,emarketer.com
104,ensonhaber.com
105,epam.com
106,ethz.ch
107,eufylife.com
108,eurogamer.net
109,ew.com
110,express.co.uk
111,ezoic.net
112,fanpage.it
113,filmweb.pl
114,financialexpress.com
115,fisglobal.com
116,focus.de
117,foodandwine.com
118,free.fr
119,frontiersin.org
120,fu-berlin.de
121,funnyjunk.com
122,gallup.com
123,gamesradar.com
124,gbnews.com
125,geico.com
126,getpocket.com
127,giga.de
128,googleblog.com
129,gravatar.com
130,gsmarena.com
131,gst.gov.in
132,guardian.co.uk
133,haberler.com
134,harimanga.com
135,health.com
136,hellomagazine.com
137,hkjc.com
138,hln.be
139,hochi.news
140,howstuffworks.com
141,icicibank.com
142,icy-veins.com
143,imperial.ac.uk
144,in.gr
145,independent.co.uk
146,inews.co.uk
147,infobae.com
148,infourok.ru
149,insales.ru
150,insider.com
151,instyle.com
152,intel.com
153,ipinfo.io
154,ivanti.com
155,ix.ru
156,japantimes.co.jp
157,kaiserpermanente.org
158,kaspersky.com
159,kennasecurity.com
160,korrespondent.net
161,kuleuven.be
162,ladesk.com
163,lavoixdunord.fr
164,lazada.com
165,ledauphine.com
166,leprogres.fr
167,lesnumeriques.com
168,libero.it
169,livescience.com
170,logitechg.com
171,macworld.com
172,maharashtra.gov.in
173,maine.gov
174,mainichi.jp
175,malwarebytes.com
176,manageengine.com
177,manchestereveningnews.co.uk
178,mango-office.ru
179,manoramaonline.com
180,marmiton.org
181,marthastewart.com
182,mass.gov
183,medlineplus.gov
184,medscape.com
185,menlosecurity.com
186,metamask.io
187,military.com
188,mindbox.ru
189,mirror.co.uk
190,ml.com
191,mobileiron.com
192,mumsnet.com
193,myspace.com
194,narod.ru
195,ndmais.com.br
196,newscientist.com
197,notamedia.ru
198,nv.ua
199,nzherald.co.nz
200,okdiario.com
201,okezone.com
202,opsgenie.com
203,pcgamer.com
204,pcworld.com
205,pearson.com
206,penguinrandomhouse.com
207,people.com
208,plesk.com
209,protothema.gr
210,ps.kz
211,publico.pt
212,puma.com
213,purepeople.com
214,pushd.com
215,quizizz.com
216,raiffeisen.ru
217,realsimple.com
218,ria.com
219,ria.ru
220,samsungknox.com
221,screenrant.com
222,searchengineland.com
223,sectigo.com
224,sendbird.com
225,signupgenius.com
226,singular.net
227,snopes.com
228,southernliving.com
229,sozcu.com.tr
230,space.com
231,splashtop.com
232,sporcle.com
233,sport1.de
234,sputniknews.com
235,standard.co.uk
236,statuspage.io
237,stern.de
238,sun.com
239,sundaysky.com
240,suntimes.com
241,superbet.ro
242,surfnet.nl
243,survicate.com
244,tango.me
245,tds.net
246,technorati.com
247,techradar.com
248,ted.com
249,the-sun.com
250,theguardian.com
251,themoviedb.org
252,thespruceeats.com
253,thesun.co.uk
254,theweek.com
255,thscore.mobi
256,tildacdn.com
257,tiscali.it
258,tmdb.org
259,tomsguide.com
260,tomshardware.com
261,tomtom.com
262,tori.fi
263,transip.nl
264,treasuredata.com
265,trenitalia.com
266,tribunnews.com
267,turkcell.com.tr
268,tv2.no
269,tvonenews.com
270,typekit.com
271,ubnt.com
272,ucalgary.ca
273,uefa.com
274,ui.com
275,uio.no
276,undp.org
277,unm.edu
278,utdallas.edu
279,verizon.com
280,verizonwireless.com
281,vg.no
282,videoamp.com
283,vidyard.com
284,vivo.com.cn
285,voicemod.net
286,walesonline.co.uk
287,wandera.com
288,wbur.org
289,xataka.com
290,ynet.co.il
291,yomiuri.co.jp
292,zebra.com
293,zoho.com
294,zoho.eu
295,abc.es
296,acronis.com
297,amazon.ae
298,bell.ca
299,bradesco.com.br
300,canadiantire.ca
301,ehow.com
302,eleconomista.es
303,engadget.com
304,etrade.com
305,evidon.com
306,fantasypros.com
307,fao.org
308,fcc.gov
309,francetravail.fr
310,fullstory.com
311,garmin.com
312,gazzetta.it
313,goal.com
314,huffingtonpost.es
315,idnes.cz
316,iherb.com
317,ilmeteo.it
318,imf.org
319,kooora.com
320,last.fm
321,liveabout.com
322,livetex.ru
323,metro.co.uk
324,nationalpost.com
325,netkeiba.com
326,newrelic.com
327,nhl.com
328,nielsen.com
329,nieuwsblad.be
330,nrdc.org
331,parents.com
332,segment.com
333,segment.io
334,skysports.com
335,sndcdn.com
336,spanishdict.com
337,tbank.ru
338,thestar.com
339,tiktok.com
340,tilda.ws
341,tinkoff.ru
342,tradingview.com
343,tuoitre.vn
344,umich.edu
345,ura.news
346,veeam.com
347,vtb.ru
348,west.cn
349,wordpress.com
350,wp.com
351,wp.me
352,wpengine.com
353,yahoo.com
354,yahoo.net